file, isUniform, pvalue, time, timeout, N
/tmp/omega/V3/s27_new_3_2.cnf, False, 5.994589926561699e-07, 223.76644611358643, False, 4000
/tmp/omega/V3/s27_3_2.cnf, False, 0.0035935443461406506, 384.9119613170624, False, 4000
