file, isUniform, pvalue, time, timeout, N
/tmp/omega/V3/s420_3_2.cnf, , , , , 335546000
/tmp/omega/V3/s27_3_2.cnf, True, 0.6613943728080849, 0.09974145889282227, False, 2000
/tmp/omega/V3/s526_3_2.cnf, , , , , 1166000
/tmp/omega/17.sk_3_45.cnf, , , , , 687194768000
/tmp/omega/63.sk_3_64.cnf, , , , , 48554433482590000
/tmp/omega/V3/s27_new_3_2.cnf, True, 0.732825629653407, 0.09476399421691895, False, 2000
/tmp/omega/29.sk_3_45.cnf, , , , , 869730878000
/tmp/omega/110.sk_3_88.cnf, , , , , 4418795249246418000
/tmp/omega/V3/s526a_3_2.cnf, , , , , 7866000
/tmp/omega/V3/s420_new_3_2.cnf, , , , , 335546000
/tmp/omega/V3/s420_new1_3_2.cnf, , , , , 335546000
/tmp/omega/V3/s298_3_2.cnf, True, 0.12777633387005433, 50.63705515861511, False, 42000
/tmp/omega/V3/s1488_3_2.cnf, True, 0.10698344208045807, 49.117103576660156, False, 34000
/tmp/omega/FMEasy/fiasco.cnf, , , , , 2388000
/tmp/omega/FMEasy/axTLS.cnf, , , , , 91920519135354000
/tmp/omega/V3/s820a_3_2.cnf, True, 0.6163914491066308, 1780.3445994853973, False, 498000
/tmp/omega/polynomial.sk_7_25.cnf, True, 0.4956163334366145, 0.49277639389038086, False, 2000
/tmp/omega/FeatureModels/FM-3.6.1-refined.cnf, True, 0.3308530724295167, 2.1340997219085693, False, 66000
