file, isUniform, pvalue, time, timeout, N
/tmp/omega/V3/s27_3_2.cnf, True, 0.42059939966591947, 0.10586071014404297, False, 4000
/tmp/omega/V3/s27_new_3_2.cnf, True, 0.16392700539596297, 0.09365582466125488, False, 4000
/tmp/omega/polynomial.sk_7_25.cnf, True, 0.5713235475991174, 0.6222596168518066, False, 4000
/tmp/omega/tutorial2.sk_3_4.cnf, True, 0.7582855110180163, 27.993218421936035, False, 4000
/tmp/omega/V3/s298_3_2.cnf, True, 0.01023850659465959, 168.72073316574097, False, 44000
/tmp/omega/V3/s1488_3_2.cnf, True, 0.5884704764308744, 921.3905658721924, False, 36000
/tmp/omega/V3/s820a_3_2.cnf, True, 0.31859770505026663, 2052.6438744068146, False, 500000
