file, isUniform, pvalue, time, timeout, N
/tmp/omega.cl/V15/s27_new_15_7.cnf, False, 1.1996989593055164e-06, 0.07398056983947754, False, 2000
/tmp/omega.cl/V15/s1488_15_7.cnf, False, 2.2250738585072014e-308, 20.73043656349182, False, 40000
/tmp/omega.cl/V15/s27_15_7.cnf, False, 0.0003927360825494126, 0.08196663856506348, False, 2000
/tmp/omega.cl/V15/s298_15_7.cnf, False, 2.2250738585072014e-308, 49.644957304000854, False, 328000
/tmp/omega.cl/V15/s526a_15_7.cnf, False, 2.2250738585072014e-308, 918.4593513011932, False, 3496000
/tmp/omega.cl/V15/s832a_15_7.cnf, False, 2.2250738585072014e-308, 1122.3671367168427, False, 3096000
/tmp/omega.cl/V15/s382_15_7.cnf, False, 2.2250738585072014e-308, 1602.5085635185242, False, 7866000
/tmp/omega.cl/tutorial1.sk_1_1.cnf, True, 0.28313087066234355, 0.1020808219909668, False, 2000
/tmp/omega.cl/V15/s444_15_7.cnf, False, 2.2250738585072014e-308, 2290.64657330513, False, 10334000
/tmp/omega.cl/V15/s820a_15_7.cnf, False, 2.2250738585072014e-308, 2619.3847494125366, False, 7230000
/tmp/omega.cl/V15/s349_15_7.cnf, False, 2.2250738585072014e-308, 3271.0929951667786, False, 20972000
/tmp/omega.cl/FeatureModels/FM-3.6.1-refined.cnf, False, 2.2250738585072014e-308, 1.7027528285980225, False, 66000
/tmp/omega.cl/tutorial2.sk_3_4.cnf, True, 0.8254278090416608, 17.141574144363403, False, 2000
/tmp/omega.cl/36.sk_3_77.cnf, , , , , 
/tmp/omega.cl/V15/s526_15_7.cnf, False, 2.2250738585072014e-308, 3841.175926923752, False, 13982000
/tmp/omega.cl/V15/s510_15_7.cnf, False, 2.2250738585072014e-308, 4805.338567018509, False, 25124000
