file, isUniform, pvalue, time, timeout, N
/tmp/omega/V7/s27_7_4.cnf, True, 0.14059069335194532, 0.08733201026916504, False, 2000
/tmp/omega/V7/s27_new_7_4.cnf, True, 0.056814948880453894, 0.06665897369384766, False, 2000
/tmp/omega/registerlesSwap.sk_3_10.cnf, False, 4.2664589359623923e-13, 36.74985671043396, False, 118000
/tmp/omega/V7/s298_7_4.cnf, True, 0.8827896950741957, 68.38764095306396, False, 328000
/tmp/omega/polynomial.sk_7_25.cnf, True, 0.20756148824711723, 0.44217777252197266, False, 2000
/tmp/omega/V7/s1488_7_4.cnf, True, 0.015189276214107622, 71.51103353500366, False, 90000
/tmp/omega/V7/s832a_7_4.cnf, True, 0.08541103905384735, 167.26944279670715, False, 294000
/tmp/omega/V7/s820a_7_4.cnf, True, 0.06298320153757118, 702.5588335990906, False, 1480000
/tmp/omega/V7/s382_7_4.cnf, False, 1.9773486966755065e-25, 741.2678275108337, False, 3084000
/tmp/omega/V7/s510_7_4.cnf, True, 0.044178212231493576, 6020.187705755234, False, 25124000
