file, isUniform, pvalue, time, timeout, N
/tmp/omega.cl/V3/s1488_3_2.cnf, True, 0.5664836237255071, 52.59381103515625, False, 33000
/tmp/omega.cl/V3/s27_new_3_2.cnf, True, 0.10061971930857945, 0.22423553466796875, False, 1000
/tmp/omega.cl/V3/s298_3_2.cnf, True, 0.4854370854730279, 18.27240562438965, False, 41000
/tmp/omega.cl/V3/s27_3_2.cnf, True, 0.4128405969192544, 0.22260236740112305, False, 1000
/tmp/omega.cl/V3/s820a_3_2.cnf, True, 0.35685852579757427, 503.27679204940796, False, 497000
/tmp/omega.cl/V3/s526_3_2.cnf, True, 0.07248584285805555, 1228.7663931846619, False, 1166000
/tmp/omega.cl/tutorial2.sk_3_4.cnf, True, 0.07449183186182241, 107.51496458053589, False, 1000
/tmp/omega.cl/V3/s832a_3_2.cnf, True, 0.8530230887184224, 1538.20090508461, False, 1475000
/tmp/omega.cl/V3/s382_3_2.cnf, True, 0.3476466163331273, 1759.502510547638, False, 3084000
/tmp/omega.cl/V3/s444_3_2.cnf, True, 0.6370269864292354, 5428.810311079025, False, 9250000
/tmp/omega.cl/ProjectService3.sk_12_55.cnf, False, 9.610521016562806e-28, 264.7543852329254, False, 2000
