file, isUniform, pvalue, time, timeout, N
/tmp/r30c90/30.90.125.cnf, True, 0.5809162646105623, 2791.0196335315704, False, 3000
