file, isUniform, pvalue, time, timeout, N
/tmp/r30c90/30.90.122.cnf, True, 0.5783937758641362, 6123.893575191498, False, 8000
