file, isUniform, pvalue
r30_blasted/30.150.76.cnf, True, 0.283849939134945
r30_blasted/30.150.54.cnf, True, 0.3710359612452871
r30_blasted/30.150.195.cnf, True, 0.27475765961869264
r30_blasted/30.150.157.cnf, True, 0.06425657666620793
