file, isUniform, pvalue
r50c200/50.200.130.cnf, True, 0.3325939025993081
r50c200/50.200.185.cnf, True, 0.7856155415983326
r50c200/50.200.89.cnf, False, 2.3291563583464657e-05
