file, isUniform, pvalue, time, timeout
r30c90/30.90.112.cnf, True, 0.32256964306534613, 129.07161855697632, False
r30c90/30.90.48.cnf, True, 0.10183555443018694, 2487.1419870853424, False
r30c90/30.90.230.cnf, True, 0.20365188489659977, 4201.350273370743, False
r30c90/30.90.36.cnf, True, 0.28219300799594405, 4491.981415510178, False
r30c90/30.90.71.cnf, True, 0.022007714370644426, 6226.875776529312, False
