file, isUniform, pvalue, time, timeout
r30c90/30.90.112.cnf, True, 0.032846997723565946, 130.24793076515198, False
r30c90/30.90.230.cnf, True, 0.5875810852597256, 2015.7741553783417, False
r30c90/30.90.48.cnf, True, 0.5342556896662386, 2520.645181655884, False
r30c90/30.90.71.cnf, True, 0.4334370465880261, 3223.28382897377, False
r30c90/30.90.36.cnf, True, 0.43871582883713434, 4449.984977722168, False
