file, isUniform, pvalue, time, timeout
r30c114/30.114.281.cnf, , , , 
r30c114/30.114.128.cnf, False, 7.744216431044088e-06, 13.770975351333618, False
r30c114/30.114.299.cnf, True, 0.003121533873300763, 28.08147954940796, False
r30c114/30.114.179.cnf, True, 0.014299788028798225, 53.77778887748718, False
r30c114/30.114.198.cnf, True, 0.02701712641158272, 56.253944396972656, False
r30c114/30.114.290.cnf, True, 0.003473900892116332, 65.36310648918152, False
r30c114/30.114.186.cnf, True, 0.3480609372039308, 129.4167764186859, False
r30c114/30.114.100.cnf, True, 0.20464786506805802, 135.36476230621338, False
r30c114/30.114.228.cnf, True, 0.032934426164601384, 251.284832239151, False
