file, isUniform, pvalue, time, timeout
r30c114/30.114.281.cnf, , , , 
r30c114/30.114.128.cnf, False, 7.744216431044088e-06, 201.29119634628296, False
r30c114/30.114.299.cnf, True, 0.0005004514334406107, 440.22471165657043, False
r30c114/30.114.265.cnf, , , , 
r30c114/30.114.290.cnf, True, 0.0007769289490594089, 573.8458862304688, False
r30c114/30.114.198.cnf, False, 2.750047038279828e-05, 655.4508154392242, False
r30c114/30.114.179.cnf, True, 0.00015428843096021406, 667.1403799057007, False
r30c114/30.114.14.cnf, , , , 
r30c114/30.114.262.cnf, , , , 
r30c114/30.114.263.cnf, , , , 
r30c114/30.114.228.cnf, True, 0.010362337915786429, 1211.9119639396667, False
r30c114/30.114.49.cnf, True, 0.010871368601837355, 1915.7877089977264, False
r30c114/30.114.292.cnf, , , , 
r30c114/30.114.186.cnf, True, 0.011099501025185352, 2020.3942806720734, False
r30c114/30.114.74.cnf, True, 0.023606702499148858, 2019.2640674114227, False
r30c114/30.114.100.cnf, True, 0.007583373470604569, 2137.6007244586945, False
r30c114/30.114.229.cnf, True, 0.003261663078600649, 1965.8573603630066, False
r30c114/30.114.68.cnf, True, 0.051181353413065414, 2600.848407268524, False
r30c114/30.114.52.cnf, True, 0.06688158777412662, 3394.5238003730774, False
r30c114/30.114.248.cnf, True, 0.171866837466844, 3588.9712886810303, False
r30c114/30.114.117.cnf, True, 0.04280828175766781, 3676.1283774375916, False
r30c114/30.114.149.cnf, True, 0.011791392630075954, 3719.8061096668243, False
r30c114/30.114.47.cnf, True, 0.011509377129316621, 4506.636837482452, False
