file, isUniform, pvalue, time, timeout
r50c200/50.200.98.cnf, True, 0.02126036509360288, 155.18829083442688, False
r50c200/50.200.284.cnf, False, 1.5476597218262703e-05, 238.47371983528137, False
