file, isUniform, pvalue, time, timeout
r50c195/50.195.186.cnf, , , , 
r50c195/50.195.33.cnf, , , , 
r50c195/50.195.121.cnf, , , , 
r50c195/50.195.209.cnf, , , , 
r50c195/50.195.11.cnf, , , , 
r50c195/50.195.30.cnf, , , , 
r50c195/50.195.291.cnf, , , , 
r50c195/50.195.223.cnf, , , , 
r50c195/50.195.142.cnf, , , , 
r50c195/50.195.106.cnf, , , , 
r50c195/50.195.127.cnf, True, 0.0008100596181897033, 1192.0505602359772, False
r50c195/50.195.236.cnf, True, 0.012215452958307626, 1191.3802168369293, False
r50c195/50.195.227.cnf, , , , 
