file, isUniform, pvalue, time, timeout
r50c200/50.200.90.cnf, , , , 
r50c200/50.200.74.cnf, , , , 
r50c200/50.200.6.cnf, , , , 
r50c200/50.200.68.cnf, , , , 
r50c200/50.200.284.cnf, True, 0.0005004514334406107, 452.5100235939026, False
r50c200/50.200.29.cnf, , , , 
r50c200/50.200.182.cnf, , , , 
r50c200/50.200.146.cnf, , , , 
r50c200/50.200.12.cnf, , , , 
r50c200/50.200.98.cnf, True, 0.0021924381373065417, 680.5380442142487, False
r50c200/50.200.162.cnf, , , , 
r50c200/50.200.148.cnf, , , , 
r50c200/50.200.238.cnf, , , , 
r50c200/50.200.79.cnf, , , , 
r50c200/50.200.252.cnf, , , , 
r50c200/50.200.171.cnf, , , , 
r50c200/50.200.37.cnf, , , , 
r50c200/50.200.150.cnf, , , , 
r50c200/50.200.271.cnf, , , , 
r50c200/50.200.294.cnf, , , , 
r50c200/50.200.24.cnf, True, 0.029636163880521763, 2382.499042034149, False
r50c200/50.200.212.cnf, , , , 
r50c200/50.200.86.cnf, True, 0.019187597983006104, 3767.3037061691284, False
