file, isUniform, pvalue, time, timeout
unigen3_easy/Blasted_Real/blasted_case102.cnf, True, 0.3551767811532958, 0.8171126842498779, False
unigen3_easy/Blasted_Real/blasted_case128.cnf, True, 0.28371860796783993, 0.30645012855529785, False
unigen3_easy/Blasted_Real/blasted_case26.cnf, True, 0.8823757826874691, 3.480821132659912, False
unigen3_easy/Blasted_Real/blasted_case25.cnf, True, 0.8842083970827326, 1.9855375289916992, False
unigen3_easy/V3/s27_new_3_2.cnf, True, 0.822566225507269, 0.2613201141357422, False
unigen3_easy/Blasted_Real/blasted_case27.cnf, True, 0.5952956760908256, 3.528362512588501, False
unigen3_easy/V15/s27_new_15_7.cnf, True, 0.8682476425459039, 0.32044458389282227, False
unigen3_easy/Blasted_Real/blasted_case28.cnf, True, 0.4065013650619445, 3.6867496967315674, False
unigen3_easy/Blasted_Real/blasted_case31.cnf, True, 0.1900588334094422, 3.8415868282318115, False
unigen3_easy/Blasted_Real/blasted_case34.cnf, , , , 
unigen3_easy/Blasted_Real/blasted_case32.cnf, True, 0.22115738990061592, 3.9851996898651123, False
unigen3_easy/V3/s27_3_2.cnf, True, 0.8835110360048795, 3.6369988918304443, False
unigen3_easy/Blasted_Real/blasted_case17.cnf, True, 0.1500749860677017, 11.394899129867554, False
unigen3_easy/V15/s420_new_15_7.cnf, , , , 
unigen3_easy/V7/s27_7_4.cnf, True, 0.37472233599202176, 0.6559505462646484, False
unigen3_easy/V7/s27_new_7_4.cnf, True, 0.6141923865051493, 0.32866358757019043, False
